Datetime,Water Level (m)
2026-06-06 00:00:00,0.9868274
2026-06-06 01:00:00,0.89048475
2026-06-06 02:00:00,0.5945117
2026-06-06 03:00:00,0.1946502
2026-06-06 04:00:00,-0.20448887
2026-06-06 05:00:00,-0.5473545
2026-06-06 06:00:00,-0.65005404
2026-06-06 07:00:00,-0.33217967
2026-06-06 08:00:00,0.08212931
2026-06-06 09:00:00,0.52189225
2026-06-06 10:00:00,1.003114
2026-06-06 11:00:00,1.3717394
2026-06-06 12:00:00,1.5239489
2026-06-06 13:00:00,1.4128488
2026-06-06 14:00:00,1.074054
2026-06-06 15:00:00,0.6122015
2026-06-06 16:00:00,0.14868015
2026-06-06 17:00:00,-0.31278285
2026-06-06 18:00:00,-0.6419402
2026-06-06 19:00:00,-0.6760721
2026-06-06 20:00:00,-0.38682935
2026-06-06 21:00:00,-0.012352922
2026-06-06 22:00:00,0.37085447
2026-06-06 23:00:00,0.7836865
2026-06-07 00:00:00,1.0847244
2026-06-07 01:00:00,1.1863757
2026-06-07 02:00:00,1.0448698
2026-06-07 03:00:00,0.69631344
2026-06-07 04:00:00,0.27130863
2026-06-07 05:00:00,-0.12674978
2026-06-07 06:00:00,-0.47295606
2026-06-07 07:00:00,-0.510511
2026-06-07 08:00:00,-0.16931397
2026-06-07 09:00:00,0.20638806
2026-06-07 10:00:00,0.6545661
2026-06-07 11:00:00,1.108129
2026-06-07 12:00:00,1.446177
2026-06-07 13:00:00,1.579751
2026-06-07 14:00:00,1.4399939
2026-06-07 15:00:00,1.0699146
2026-06-07 16:00:00,0.5976513
2026-06-07 17:00:00,0.13414955
2026-06-07 18:00:00,-0.31732878
2026-06-07 19:00:00,-0.61995995
2026-06-07 20:00:00,-0.59668404
2026-06-07 21:00:00,-0.26778513
2026-06-07 22:00:00,0.092993766
2026-06-07 23:00:00,0.4924371
2026-06-08 00:00:00,0.89232427
2026-06-08 01:00:00,1.1730281
2026-06-08 02:00:00,1.2569652
2026-06-08 03:00:00,1.0962698
2026-06-08 04:00:00,0.7359323
2026-06-08 05:00:00,0.31083593
2026-06-08 06:00:00,-0.08423606
2026-06-08 07:00:00,-0.3836338
2026-06-08 08:00:00,-0.42582178
2026-06-08 09:00:00,-0.11495694
2026-06-08 10:00:00,0.2338265
2026-06-08 11:00:00,0.6619653
2026-06-08 12:00:00,1.0886074
2026-06-08 13:00:00,1.3978179
2026-06-08 14:00:00,1.505626
2026-06-08 15:00:00,1.349194
2026-06-08 16:00:00,0.97719175
2026-06-08 17:00:00,0.5165794
2026-06-08 18:00:00,0.07031811
2026-06-08 19:00:00,-0.36418143
2026-06-08 20:00:00,-0.6454623
2026-06-08 21:00:00,-0.56544304
2026-06-08 22:00:00,-0.2173168
2026-06-08 23:00:00,0.169822
2026-06-09 00:00:00,0.60121673
2026-06-09 01:00:00,1.0482022
2026-06-09 02:00:00,1.3420244
2026-06-09 03:00:00,1.4481763
2026-06-09 04:00:00,1.2926055
2026-06-09 05:00:00,0.9364823
2026-06-09 06:00:00,0.49452358
2026-06-09 07:00:00,0.08697715
2026-06-09 08:00:00,-0.25229296
2026-06-09 09:00:00,-0.3599513
2026-06-09 10:00:00,-0.10311429
2026-06-09 11:00:00,0.22814463
2026-06-09 12:00:00,0.6416834
2026-06-09 13:00:00,1.0755113
2026-06-09 14:00:00,1.3858801
2026-06-09 15:00:00,1.5160111
2026-06-09 16:00:00,1.3721911
2026-06-09 17:00:00,1.0115561
2026-06-09 18:00:00,0.54999864
2026-06-09 19:00:00,0.09693549
2026-06-09 20:00:00,-0.34900895
2026-06-09 21:00:00,-0.6328288
2026-06-09 22:00:00,-0.55790687
2026-06-09 23:00:00,-0.20855342
2026-06-10 00:00:00,0.1910362
2026-06-10 01:00:00,0.66028905
2026-06-10 02:00:00,1.112495
2026-06-10 03:00:00,1.44209
2026-06-10 04:00:00,1.572756
2026-06-10 05:00:00,1.4367485
2026-06-10 06:00:00,1.0796396
2026-06-10 07:00:00,0.62339765
2026-06-10 08:00:00,0.17845388
2026-06-10 09:00:00,-0.20262541
2026-06-10 10:00:00,-0.37838727
2026-06-10 11:00:00,-0.1689801
2026-06-10 12:00:00,0.17010875
2026-06-10 13:00:00,0.55559254
2026-06-10 14:00:00,1.0115774
2026-06-10 15:00:00,1.3336216
2026-06-10 16:00:00,1.5032007
2026-06-10 17:00:00,1.3821483
2026-06-10 18:00:00,1.029586
2026-06-10 19:00:00,0.55598813
2026-06-10 20:00:00,0.09255648
2026-06-10 21:00:00,-0.37108606
2026-06-10 22:00:00,-0.69189143
2026-06-10 23:00:00,-0.6316761
2026-06-11 00:00:00,-0.22199933
2026-06-11 01:00:00,0.23037827
2026-06-11 02:00:00,0.7416199
2026-06-11 03:00:00,1.2177047
2026-06-11 04:00:00,1.5831865
2026-06-11 05:00:00,1.7126666
2026-06-11 06:00:00,1.5686352
2026-06-11 07:00:00,1.1785911
2026-06-11 08:00:00,0.68698263
2026-06-11 09:00:00,0.20315948
2026-06-11 10:00:00,-0.2442693
2026-06-11 11:00:00,-0.5193394
2026-06-11 12:00:00,-0.37201124
2026-06-11 13:00:00,0.0047464585
2026-06-11 14:00:00,0.39784715
2026-06-11 15:00:00,0.85251325
2026-06-11 16:00:00,1.2458589
2026-06-11 17:00:00,1.4640507
2026-06-11 18:00:00,1.3917004
2026-06-11 19:00:00,1.0636438
2026-06-11 20:00:00,0.57992464
2026-06-11 21:00:00,0.090973325
2026-06-11 22:00:00,-0.39771593
2026-06-11 23:00:00,-0.7658121
2026-06-12 00:00:00,-0.6837981
